number,value,datetime_start,datetime_complete,duration,params_batch_size,params_dropout,params_epochs,params_lookback,params_units,user_attrs_Company,state,Company
0,0.05382000290511689,2025-05-01 09:07:48.598167,2025-05-01 09:08:19.613072,0 days 00:00:31.014905,64,0.14233155083116864,31,51,196,CDW.O,COMPLETE,CDW.O
1,0.05563050370365205,2025-05-01 09:08:19.620962,2025-05-01 09:08:41.557940,0 days 00:00:21.936978,64,0.327702926638763,35,41,56,CDW.O,COMPLETE,CDW.O
2,0.05467046460585518,2025-05-01 09:08:41.567636,2025-05-01 09:08:58.001960,0 days 00:00:16.434324,32,0.27782615876760725,31,26,89,CDW.O,COMPLETE,CDW.O
3,0.05389555735407624,2025-05-01 09:08:58.015309,2025-05-01 09:09:10.355570,0 days 00:00:12.340261,64,0.1597033269567355,31,26,78,CDW.O,COMPLETE,CDW.O
4,0.05028698330528307,2025-05-01 09:09:10.364033,2025-05-01 09:09:41.906086,0 days 00:00:31.542053,32,0.3481082294257707,24,21,152,CDW.O,COMPLETE,CDW.O
5,0.052020431781405654,2025-05-01 09:09:41.914197,2025-05-01 09:10:26.895966,0 days 00:00:44.981769,32,0.3964396820780062,29,36,251,CDW.O,COMPLETE,CDW.O
6,0.054948349339750374,2025-05-01 09:10:26.902219,2025-05-01 09:10:34.092520,0 days 00:00:07.190301,32,0.31570110447867,34,11,51,CDW.O,COMPLETE,CDW.O
7,0.05523275608923455,2025-05-01 09:10:34.101741,2025-05-01 09:10:55.929972,0 days 00:00:21.828231,32,0.4864152280963716,30,46,114,CDW.O,COMPLETE,CDW.O
8,0.04998633203689106,2025-05-01 09:10:55.936723,2025-05-01 09:12:15.165216,0 days 00:01:19.228493,32,0.3867416141548756,35,46,249,CDW.O,COMPLETE,CDW.O
9,0.05886865103900421,2025-05-01 09:12:15.173078,2025-05-01 09:12:42.392513,0 days 00:00:27.219435,32,0.3628641459869444,22,51,73,CDW.O,COMPLETE,CDW.O
10,0.03153155999660321,2025-05-01 09:12:42.397997,2025-05-01 09:12:51.711683,0 days 00:00:09.313686,64,0.49743866300783157,26,1,251,CDW.O,COMPLETE,CDW.O
11,0.03154311157512629,2025-05-01 09:12:51.721405,2025-05-01 09:13:01.188625,0 days 00:00:09.467220,64,0.497158895362963,26,1,252,CDW.O,COMPLETE,CDW.O
12,0.03153801875199458,2025-05-01 09:13:01.194827,2025-05-01 09:13:10.501761,0 days 00:00:09.306934,64,0.4968134012381263,26,1,209,CDW.O,COMPLETE,CDW.O
13,0.20586070265884365,2025-05-01 09:13:10.507673,2025-05-01 09:13:15.136653,0 days 00:00:04.628980,64,0.43898578245227016,20,1,206,CDW.O,COMPLETE,CDW.O
14,0.05359014513659424,2025-05-01 09:13:15.146635,2025-05-01 09:13:28.731980,0 days 00:00:13.585345,64,0.2501354312668528,26,11,209,CDW.O,COMPLETE,CDW.O
15,0.052906012317996125,2025-05-01 09:13:28.740959,2025-05-01 09:13:45.890382,0 days 00:00:17.149423,64,0.4362928547781944,27,11,161,CDW.O,COMPLETE,CDW.O
16,0.21144929800400275,2025-05-01 09:13:45.896154,2025-05-01 09:13:50.285116,0 days 00:00:04.388962,64,0.4472899461149555,24,1,185,CDW.O,COMPLETE,CDW.O
17,0.051486272503297494,2025-05-01 09:13:50.292579,2025-05-01 09:14:13.563604,0 days 00:00:23.271025,64,0.2241839477498332,24,16,223,CDW.O,COMPLETE,CDW.O
18,0.05100660515749751,2025-05-01 09:14:13.572409,2025-05-01 09:14:30.566219,0 days 00:00:16.993810,64,0.47422889998689616,29,6,229,CDW.O,COMPLETE,CDW.O
19,0.05176346223543143,2025-05-01 09:14:30.572490,2025-05-01 09:14:48.511890,0 days 00:00:17.939400,64,0.40054903124318425,22,16,176,CDW.O,COMPLETE,CDW.O
20,0.05183760278421712,2025-05-01 09:14:48.522599,2025-05-01 09:15:20.828233,0 days 00:00:32.305634,64,0.18308991396311214,28,31,136,CDW.O,COMPLETE,CDW.O
21,0.0314531388689205,2025-05-01 09:15:20.835005,2025-05-01 09:15:30.378598,0 days 00:00:09.543593,64,0.4940136686220294,26,1,235,CDW.O,COMPLETE,CDW.O
22,0.05121545195380637,2025-05-01 09:15:30.388466,2025-05-01 09:15:47.370920,0 days 00:00:16.982454,64,0.4552447361332227,26,6,230,CDW.O,COMPLETE,CDW.O
23,0.051088945704309593,2025-05-01 09:15:47.381625,2025-05-01 09:16:04.032561,0 days 00:00:16.650936,64,0.4246358786238282,25,6,231,CDW.O,COMPLETE,CDW.O
24,0.03175645734012221,2025-05-01 09:16:04.038077,2025-05-01 09:16:13.189874,0 days 00:00:09.151797,64,0.10457160738006083,22,1,213,CDW.O,COMPLETE,CDW.O
25,0.052576162383258525,2025-05-01 09:16:13.197811,2025-05-01 09:16:46.666763,0 days 00:00:33.468952,64,0.4955005804904183,28,16,255,CDW.O,COMPLETE,CDW.O
26,0.05410181754978344,2025-05-01 09:16:46.672898,2025-05-01 09:16:53.989371,0 days 00:00:07.316473,64,0.47165768831645366,27,6,177,CDW.O,COMPLETE,CDW.O
27,0.05083654439310436,2025-05-01 09:16:54.001079,2025-05-01 09:17:29.333333,0 days 00:00:35.332254,64,0.41596734792363677,25,21,237,CDW.O,COMPLETE,CDW.O
28,0.052548678407042644,2025-05-01 09:17:29.338913,2025-05-01 09:17:45.948637,0 days 00:00:16.609724,64,0.3679788740996708,23,11,198,CDW.O,COMPLETE,CDW.O
29,0.05443692941049892,2025-05-01 09:17:45.958645,2025-05-01 09:18:48.483248,0 days 00:01:02.524603,64,0.4629351596816994,33,56,192,CDW.O,COMPLETE,CDW.O
0,0.047550054848426455,2025-05-01 09:18:48.536082,2025-05-01 09:19:25.301331,0 days 00:00:36.765249,32,0.17530485851153849,32,16,179,CRWD.O,COMPLETE,CRWD.O
1,0.05312532859751834,2025-05-01 09:19:25.309945,2025-05-01 09:20:54.042162,0 days 00:01:28.732217,64,0.352807381200801,28,51,238,CRWD.O,COMPLETE,CRWD.O
2,0.06572705575829374,2025-05-01 09:20:54.048940,2025-05-01 09:21:05.978003,0 days 00:00:11.929063,64,0.31700853219608427,28,11,83,CRWD.O,COMPLETE,CRWD.O
3,0.05451749800318072,2025-05-01 09:21:05.989821,2025-05-01 09:22:23.723841,0 days 00:01:17.734020,64,0.34934499206892655,32,46,233,CRWD.O,COMPLETE,CRWD.O
4,0.06520807960550246,2025-05-01 09:22:23.731138,2025-05-01 09:22:38.985027,0 days 00:00:15.253889,64,0.3334656420562988,25,36,54,CRWD.O,COMPLETE,CRWD.O
5,0.05099218098955408,2025-05-01 09:22:38.994168,2025-05-01 09:23:35.696420,0 days 00:00:56.702252,32,0.4968364796028394,21,46,177,CRWD.O,COMPLETE,CRWD.O
6,0.052433721156253756,2025-05-01 09:23:35.707238,2025-05-01 09:24:27.844708,0 days 00:00:52.137470,32,0.45920982207189387,33,26,234,CRWD.O,COMPLETE,CRWD.O
7,0.057699857306725534,2025-05-01 09:24:27.857412,2025-05-01 09:25:06.325537,0 days 00:00:38.468125,64,0.1785968151988112,30,46,111,CRWD.O,COMPLETE,CRWD.O
8,0.06045786124308402,2025-05-01 09:25:06.335045,2025-05-01 09:25:26.606875,0 days 00:00:20.271830,32,0.404516719633373,20,51,77,CRWD.O,COMPLETE,CRWD.O
9,0.05594660483047536,2025-05-01 09:25:26.614635,2025-05-01 09:26:02.563247,0 days 00:00:35.948612,64,0.29688708845154443,27,26,212,CRWD.O,COMPLETE,CRWD.O
10,0.04364844645697386,2025-05-01 09:26:02.572986,2025-05-01 09:26:25.611010,0 days 00:00:23.038024,32,0.11822308964245692,35,11,148,CRWD.O,COMPLETE,CRWD.O
11,0.032842841256504926,2025-05-01 09:26:25.618393,2025-05-01 09:26:33.128524,0 days 00:00:07.510131,32,0.10962276606905762,35,1,151,CRWD.O,COMPLETE,CRWD.O
12,0.03247057831822272,2025-05-01 09:26:33.136123,2025-05-01 09:26:41.549202,0 days 00:00:08.413079,32,0.1003678307714219,35,1,137,CRWD.O,COMPLETE,CRWD.O
13,0.03347742439396246,2025-05-01 09:26:41.558494,2025-05-01 09:26:48.202101,0 days 00:00:06.643607,32,0.10383375217507614,35,1,129,CRWD.O,COMPLETE,CRWD.O
14,0.03248975488191749,2025-05-01 09:26:48.208938,2025-05-01 09:26:55.624418,0 days 00:00:07.415480,32,0.22067770337908543,35,1,166,CRWD.O,COMPLETE,CRWD.O
15,0.03283550796647692,2025-05-01 09:26:55.637585,2025-05-01 09:27:02.467850,0 days 00:00:06.830265,32,0.2434211121409153,24,1,185,CRWD.O,COMPLETE,CRWD.O
16,0.05174606884355074,2025-05-01 09:27:02.477663,2025-05-01 09:27:24.798603,0 days 00:00:22.320940,32,0.2026224097499579,33,16,106,CRWD.O,COMPLETE,CRWD.O
17,0.053470278965931345,2025-05-01 09:27:24.804805,2025-05-01 09:27:36.203990,0 days 00:00:11.399185,32,0.25725278114806993,30,11,35,CRWD.O,COMPLETE,CRWD.O
18,0.04925451393429075,2025-05-01 09:27:36.214119,2025-05-01 09:27:57.051402,0 days 00:00:20.837283,32,0.1574299597682708,30,6,204,CRWD.O,COMPLETE,CRWD.O
19,0.04880802510431917,2025-05-01 09:27:57.058197,2025-05-01 09:28:39.614518,0 days 00:00:42.556321,32,0.23102687443411885,33,21,158,CRWD.O,COMPLETE,CRWD.O
20,0.051431525563613543,2025-05-01 09:28:39.620675,2025-05-01 09:29:21.568227,0 days 00:00:41.947552,32,0.2837786517322537,31,36,123,CRWD.O,COMPLETE,CRWD.O
21,0.03265601922852674,2025-05-01 09:29:21.577850,2025-05-01 09:29:28.769933,0 days 00:00:07.192083,32,0.23155068185924726,24,1,184,CRWD.O,COMPLETE,CRWD.O
22,0.05065431325596908,2025-05-01 09:29:28.779463,2025-05-01 09:29:45.701333,0 days 00:00:16.921870,32,0.1485497849796143,23,6,200,CRWD.O,COMPLETE,CRWD.O
23,0.05151724086035504,2025-05-01 09:29:45.711882,2025-05-01 09:30:01.610782,0 days 00:00:15.898900,32,0.20910041886075958,25,6,165,CRWD.O,COMPLETE,CRWD.O
24,0.032932121361672846,2025-05-01 09:30:01.621178,2025-05-01 09:30:10.823635,0 days 00:00:09.202457,32,0.2682432254873483,22,1,130,CRWD.O,COMPLETE,CRWD.O
25,0.04859709273626871,2025-05-01 09:30:10.829944,2025-05-01 09:30:47.801918,0 days 00:00:36.971974,32,0.21898330906568808,26,16,255,CRWD.O,COMPLETE,CRWD.O
26,0.0471841195331104,2025-05-01 09:30:47.810262,2025-05-01 09:31:12.144723,0 days 00:00:24.334461,32,0.130723963712017,34,6,191,CRWD.O,COMPLETE,CRWD.O
27,0.06037298604337067,2025-05-01 09:31:12.152408,2025-05-01 09:31:28.168560,0 days 00:00:16.016152,32,0.3893312052647546,29,11,167,CRWD.O,COMPLETE,CRWD.O
28,0.05348829479640138,2025-05-01 09:31:28.180500,2025-05-01 09:31:59.116450,0 days 00:00:30.935950,32,0.18741385591416007,23,21,137,CRWD.O,COMPLETE,CRWD.O
29,0.03331897267349975,2025-05-01 09:31:59.122655,2025-05-01 09:32:07.162248,0 days 00:00:08.039593,32,0.16047350407519517,32,1,173,CRWD.O,COMPLETE,CRWD.O
0,0.03794632172925608,2025-05-01 09:32:07.206477,2025-05-01 09:32:39.892590,0 days 00:00:32.686113,64,0.440979683939842,20,46,200,CTSH.O,COMPLETE,CTSH.O
1,0.038402243845655604,2025-05-01 09:32:39.901968,2025-05-01 09:33:03.914448,0 days 00:00:24.012480,64,0.22400729185748386,33,11,185,CTSH.O,COMPLETE,CTSH.O
2,0.05549945614310661,2025-05-01 09:33:03.921652,2025-05-01 09:33:17.361813,0 days 00:00:13.440161,64,0.44308401742171366,23,41,32,CTSH.O,COMPLETE,CTSH.O
3,0.03467416165114443,2025-05-01 09:33:17.372581,2025-05-01 09:33:53.964489,0 days 00:00:36.591908,32,0.4528254387138436,30,11,248,CTSH.O,COMPLETE,CTSH.O
4,0.03966374664486759,2025-05-01 09:33:53.972484,2025-05-01 09:34:21.379961,0 days 00:00:27.407477,64,0.14112341208971813,28,56,129,CTSH.O,COMPLETE,CTSH.O
5,0.03801764380386765,2025-05-01 09:34:21.388243,2025-05-01 09:34:36.972946,0 days 00:00:15.584703,64,0.33209457834848977,20,26,114,CTSH.O,COMPLETE,CTSH.O
6,0.038643306304743115,2025-05-01 09:34:36.984380,2025-05-01 09:35:07.442880,0 days 00:00:30.458500,64,0.4555236230290821,21,41,201,CTSH.O,COMPLETE,CTSH.O
7,0.038777950212054366,2025-05-01 09:35:07.448513,2025-05-01 09:35:17.680125,0 days 00:00:10.231612,64,0.4230101207277581,29,6,103,CTSH.O,COMPLETE,CTSH.O
8,0.036285025691473766,2025-05-01 09:35:17.687665,2025-05-01 09:35:45.824139,0 days 00:00:28.136474,32,0.37012849437691475,34,51,112,CTSH.O,COMPLETE,CTSH.O
9,0.036190064572214825,2025-05-01 09:35:45.837503,2025-05-01 09:36:23.613676,0 days 00:00:37.776173,32,0.27996620274749745,34,16,191,CTSH.O,COMPLETE,CTSH.O
10,0.0239976328226431,2025-05-01 09:36:23.620350,2025-05-01 09:36:33.200415,0 days 00:00:09.580065,32,0.4886820538211806,31,1,255,CTSH.O,COMPLETE,CTSH.O
11,0.024331915180079402,2025-05-01 09:36:33.207780,2025-05-01 09:36:40.798801,0 days 00:00:07.591021,32,0.492164361738007,31,1,230,CTSH.O,COMPLETE,CTSH.O
12,0.023917963019512906,2025-05-01 09:36:40.806129,2025-05-01 09:36:51.450916,0 days 00:00:10.644787,32,0.36606464178627285,31,1,252,CTSH.O,COMPLETE,CTSH.O
13,0.03826971892654547,2025-05-01 09:36:51.465207,2025-05-01 09:37:32.416887,0 days 00:00:40.951680,32,0.38417537303583005,26,21,250,CTSH.O,COMPLETE,CTSH.O
14,0.023966311440355423,2025-05-01 09:37:32.423634,2025-05-01 09:37:42.144493,0 days 00:00:09.720859,32,0.2721947255501247,26,1,168,CTSH.O,COMPLETE,CTSH.O
15,0.03840939367964581,2025-05-01 09:37:42.150332,2025-05-01 09:38:22.104307,0 days 00:00:39.953975,32,0.2687595230403572,26,31,160,CTSH.O,COMPLETE,CTSH.O
16,0.024523702097309124,2025-05-01 09:38:22.113949,2025-05-01 09:38:31.176495,0 days 00:00:09.062546,32,0.2074765246209935,24,1,64,CTSH.O,COMPLETE,CTSH.O
17,0.037893887523197174,2025-05-01 09:38:31.183404,2025-05-01 09:38:50.491096,0 days 00:00:19.307692,32,0.32566194882541594,25,11,155,CTSH.O,COMPLETE,CTSH.O
18,0.03837500719191191,2025-05-01 09:38:50.505775,2025-05-01 09:39:11.916537,0 days 00:00:21.410762,32,0.12433446213638888,27,21,222,CTSH.O,COMPLETE,CTSH.O
19,0.03771941713403711,2025-05-01 09:39:11.931132,2025-05-01 09:39:24.762254,0 days 00:00:12.831122,32,0.23141514335730962,32,6,82,CTSH.O,COMPLETE,CTSH.O
20,0.036474807893061824,2025-05-01 09:39:24.768969,2025-05-01 09:39:59.938946,0 days 00:00:35.169977,32,0.36820342738200873,35,31,180,CTSH.O,COMPLETE,CTSH.O
21,0.02460571505279988,2025-05-01 09:39:59.944621,2025-05-01 09:40:08.429953,0 days 00:00:08.485332,32,0.49060940580622514,30,1,224,CTSH.O,COMPLETE,CTSH.O
22,0.03627323530842669,2025-05-01 09:40:08.439073,2025-05-01 09:40:29.360888,0 days 00:00:20.921815,32,0.1748559333417128,28,6,254,CTSH.O,COMPLETE,CTSH.O
23,0.023784386122146353,2025-05-01 09:40:29.372256,2025-05-01 09:40:41.195350,0 days 00:00:11.823094,32,0.3187418106868323,32,1,230,CTSH.O,COMPLETE,CTSH.O
24,0.03476919794464435,2025-05-01 09:40:41.211415,2025-05-01 09:41:20.235354,0 days 00:00:39.023939,32,0.3113851608927681,32,16,220,CTSH.O,COMPLETE,CTSH.O
25,0.03606510136372866,2025-05-01 09:41:20.242488,2025-05-01 09:41:45.003183,0 days 00:00:24.760695,32,0.2633065831917372,29,6,164,CTSH.O,COMPLETE,CTSH.O
26,0.0367244159238542,2025-05-01 09:41:45.021060,2025-05-01 09:42:17.144221,0 days 00:00:32.123161,32,0.34943586165803664,23,16,208,CTSH.O,COMPLETE,CTSH.O
27,0.024063909562997504,2025-05-01 09:42:17.156556,2025-05-01 09:42:25.795259,0 days 00:00:08.638703,32,0.29624933276314847,32,1,234,CTSH.O,COMPLETE,CTSH.O
28,0.03894665532209959,2025-05-01 09:42:25.806166,2025-05-01 09:42:43.002998,0 days 00:00:17.196832,32,0.40680160483979844,27,11,146,CTSH.O,COMPLETE,CTSH.O
29,0.03446817689932714,2025-05-01 09:42:43.010796,2025-05-01 09:43:07.153161,0 days 00:00:24.142365,32,0.24459029258913256,35,6,174,CTSH.O,COMPLETE,CTSH.O
0,0.02355646775047287,2025-05-01 09:43:07.201627,2025-05-01 09:43:41.917085,0 days 00:00:34.715458,32,0.1974551283278062,24,26,126,DASH.O,COMPLETE,DASH.O
1,0.0253049962257909,2025-05-01 09:43:41.927526,2025-05-01 09:44:15.410846,0 days 00:00:33.483320,64,0.3346940243169373,24,31,220,DASH.O,COMPLETE,DASH.O
2,0.02529472960308039,2025-05-01 09:44:15.424443,2025-05-01 09:44:50.634128,0 days 00:00:35.209685,64,0.2684623822643851,26,56,168,DASH.O,COMPLETE,DASH.O
3,0.028205282895984,2025-05-01 09:44:50.649784,2025-05-01 09:45:12.051185,0 days 00:00:21.401401,32,0.4811613246270532,28,56,81,DASH.O,COMPLETE,DASH.O
4,0.018755746693477567,2025-05-01 09:45:12.065461,2025-05-01 09:46:21.461333,0 days 00:01:09.395872,32,0.13904136159078415,30,31,215,DASH.O,COMPLETE,DASH.O
5,0.02164850187582453,2025-05-01 09:46:21.469843,2025-05-01 09:46:58.385961,0 days 00:00:36.916118,32,0.20641501252754516,30,36,120,DASH.O,COMPLETE,DASH.O
6,0.024061409990270375,2025-05-01 09:46:58.398005,2025-05-01 09:47:06.817041,0 days 00:00:08.419036,32,0.29047621687690905,23,11,42,DASH.O,COMPLETE,DASH.O
7,0.02538871145839137,2025-05-01 09:47:06.822775,2025-05-01 09:48:00.158971,0 days 00:00:53.336196,32,0.4074775663056813,20,56,140,DASH.O,COMPLETE,DASH.O
8,0.013540978294511577,2025-05-01 09:48:00.168093,2025-05-01 09:48:12.438285,0 days 00:00:12.270192,32,0.3574388764985744,35,1,146,DASH.O,COMPLETE,DASH.O
9,0.015047700715840327,2025-05-01 09:48:12.445362,2025-05-01 09:48:20.733392,0 days 00:00:08.288030,64,0.2928432107146194,28,1,133,DASH.O,COMPLETE,DASH.O
10,0.013671977034071855,2025-05-01 09:48:20.742372,2025-05-01 09:48:30.351034,0 days 00:00:09.608662,64,0.3871652737530735,34,1,185,DASH.O,COMPLETE,DASH.O
11,0.014773798660946545,2025-05-01 09:48:30.358505,2025-05-01 09:48:38.419869,0 days 00:00:08.061364,64,0.39063479501764076,35,1,186,DASH.O,COMPLETE,DASH.O
12,0.025754480427551126,2025-05-01 09:48:38.426283,2025-05-01 09:48:58.644286,0 days 00:00:20.218003,64,0.40072621070976,35,16,241,DASH.O,COMPLETE,DASH.O
13,0.02504920582408706,2025-05-01 09:48:58.651256,2025-05-01 09:49:13.523407,0 days 00:00:14.872151,64,0.49671871230717723,33,11,183,DASH.O,COMPLETE,DASH.O
14,0.01389004425151637,2025-05-01 09:49:13.539530,2025-05-01 09:49:23.873500,0 days 00:00:10.333970,32,0.35436322341519866,32,1,91,DASH.O,COMPLETE,DASH.O
15,0.023699222016901805,2025-05-01 09:49:23.882380,2025-05-01 09:49:44.611563,0 days 00:00:20.729183,64,0.42990438615095905,33,16,172,DASH.O,COMPLETE,DASH.O
16,0.02254670161645892,2025-05-01 09:49:44.617756,2025-05-01 09:50:47.102049,0 days 00:01:02.484293,64,0.4398929145550135,31,46,207,DASH.O,COMPLETE,DASH.O
17,0.02263762968035909,2025-05-01 09:50:47.110403,2025-05-01 09:51:05.738865,0 days 00:00:18.628462,32,0.35130343209285125,35,11,102,DASH.O,COMPLETE,DASH.O
18,0.02794671635577613,2025-05-01 09:51:05.745910,2025-05-01 09:51:20.140439,0 days 00:00:14.394529,64,0.24297289290400095,33,21,155,DASH.O,COMPLETE,DASH.O
19,0.023431734443152195,2025-05-01 09:51:20.149155,2025-05-01 09:51:31.031621,0 days 00:00:10.882466,32,0.3511642654809003,34,6,246,DASH.O,COMPLETE,DASH.O
20,0.033607603887848586,2025-05-01 09:51:31.039791,2025-05-01 09:51:41.651852,0 days 00:00:10.612061,64,0.44673133367324885,30,41,59,DASH.O,COMPLETE,DASH.O
21,0.016049932863376568,2025-05-01 09:51:41.662260,2025-05-01 09:51:48.974633,0 days 00:00:07.312373,32,0.3300694640919427,32,1,92,DASH.O,COMPLETE,DASH.O
22,0.019842176881947046,2025-05-01 09:51:48.982234,2025-05-01 09:52:05.706150,0 days 00:00:16.723916,32,0.36961350689914135,32,6,113,DASH.O,COMPLETE,DASH.O
23,0.025009387871963534,2025-05-01 09:52:05.719383,2025-05-01 09:52:11.159213,0 days 00:00:05.439830,32,0.31455710139869086,34,6,73,DASH.O,COMPLETE,DASH.O
24,0.01338660908601833,2025-05-01 09:52:11.168026,2025-05-01 09:52:19.280042,0 days 00:00:08.112016,32,0.3732156132990283,31,1,154,DASH.O,COMPLETE,DASH.O
25,0.0270185997886645,2025-05-01 09:52:19.287364,2025-05-01 09:52:30.304259,0 days 00:00:11.016895,32,0.37779282517576607,29,16,153,DASH.O,COMPLETE,DASH.O
26,0.019835813780622043,2025-05-01 09:52:30.311203,2025-05-01 09:52:48.005069,0 days 00:00:17.693866,32,0.4203656485797681,34,6,198,DASH.O,COMPLETE,DASH.O
27,0.02282807653034791,2025-05-01 09:52:48.010832,2025-05-01 09:53:20.829013,0 days 00:00:32.818181,32,0.45606272523365243,26,21,165,DASH.O,COMPLETE,DASH.O
28,0.023650558912134446,2025-05-01 09:53:20.836666,2025-05-01 09:53:40.899423,0 days 00:00:20.062757,64,0.25184519226785995,31,11,148,DASH.O,COMPLETE,DASH.O
29,0.01925072983724439,2025-05-01 09:53:40.905681,2025-05-01 09:54:28.287653,0 days 00:00:47.381972,32,0.11773119613298483,35,26,130,DASH.O,COMPLETE,DASH.O
0,0.0352625628272461,2025-05-01 09:54:28.338840,2025-05-01 09:54:42.571926,0 days 00:00:14.233086,64,0.26512122167089386,26,6,175,DDOG.O,COMPLETE,DDOG.O
1,0.03571549553349227,2025-05-01 09:54:42.580625,2025-05-01 09:55:01.714315,0 days 00:00:19.133690,64,0.42599975926674327,25,11,212,DDOG.O,COMPLETE,DDOG.O
2,0.03563838701750166,2025-05-01 09:55:01.720170,2025-05-01 09:55:37.634480,0 days 00:00:35.914310,32,0.211493154803152,25,31,114,DDOG.O,COMPLETE,DDOG.O
3,0.04366590454381852,2025-05-01 09:55:37.643087,2025-05-01 09:55:54.541354,0 days 00:00:16.898267,64,0.2501300890966918,30,16,243,DDOG.O,COMPLETE,DDOG.O
4,0.036094326332435304,2025-05-01 09:55:54.547175,2025-05-01 09:56:27.076694,0 days 00:00:32.529519,32,0.32924314924040354,30,16,232,DDOG.O,COMPLETE,DDOG.O
5,0.0386255700110902,2025-05-01 09:56:27.089454,2025-05-01 09:57:04.176793,0 days 00:00:37.087339,64,0.4796157310449207,29,46,89,DDOG.O,COMPLETE,DDOG.O
6,0.035471491220394225,2025-05-01 09:57:04.183854,2025-05-01 09:58:25.416281,0 days 00:01:21.232427,32,0.4269392667073403,29,36,248,DDOG.O,COMPLETE,DDOG.O
7,0.03393374426084661,2025-05-01 09:58:25.422448,2025-05-01 09:58:50.915588,0 days 00:00:25.493140,64,0.20858255898367686,29,6,252,DDOG.O,COMPLETE,DDOG.O
8,0.03611620598406593,2025-05-01 09:58:50.929509,2025-05-01 09:59:23.493628,0 days 00:00:32.564119,32,0.29210212776776656,29,16,144,DDOG.O,COMPLETE,DDOG.O
9,0.032927810949583976,2025-05-01 09:59:23.501227,2025-05-01 09:59:42.731281,0 days 00:00:19.230054,32,0.42850221325675497,25,6,159,DDOG.O,COMPLETE,DDOG.O
10,0.038761895423959004,2025-05-01 09:59:42.744504,2025-05-01 10:00:05.473208,0 days 00:00:22.728704,32,0.13507099495714658,20,51,33,DDOG.O,COMPLETE,DDOG.O
11,0.023227926677697706,2025-05-01 10:00:05.481324,2025-05-01 10:00:15.049821,0 days 00:00:09.568497,64,0.1487041943655756,34,1,187,DDOG.O,COMPLETE,DDOG.O
12,0.02331462282621683,2025-05-01 10:00:15.056404,2025-05-01 10:00:27.228594,0 days 00:00:12.172190,64,0.13002329176565347,35,1,180,DDOG.O,COMPLETE,DDOG.O
13,0.023408243910423267,2025-05-01 10:00:27.238380,2025-05-01 10:00:36.246990,0 days 00:00:09.008610,64,0.10781548210497549,35,1,190,DDOG.O,COMPLETE,DDOG.O
14,0.034655804813975045,2025-05-01 10:00:36.256859,2025-05-01 10:01:24.247558,0 days 00:00:47.990699,64,0.14674826996678308,35,26,200,DDOG.O,COMPLETE,DDOG.O
15,0.02334969491510139,2025-05-01 10:01:24.254180,2025-05-01 10:01:35.031281,0 days 00:00:10.777101,64,0.18832017622268665,33,1,129,DDOG.O,COMPLETE,DDOG.O
16,0.0438673386524101,2025-05-01 10:01:35.040002,2025-05-01 10:01:49.896191,0 days 00:00:14.856189,64,0.3493423793452963,33,26,91,DDOG.O,COMPLETE,DDOG.O
17,0.035121761728679014,2025-05-01 10:01:49.905847,2025-05-01 10:02:26.304218,0 days 00:00:36.398371,64,0.15047901821379253,33,21,171,DDOG.O,COMPLETE,DDOG.O
18,0.03908450406333387,2025-05-01 10:02:26.323708,2025-05-01 10:03:12.947842,0 days 00:00:46.624134,64,0.10149200190266186,32,41,214,DDOG.O,COMPLETE,DDOG.O
19,0.024247278207292458,2025-05-01 10:03:12.956413,2025-05-01 10:03:20.375223,0 days 00:00:07.418810,64,0.17491194576924374,21,1,147,DDOG.O,COMPLETE,DDOG.O
20,0.04237787782251272,2025-05-01 10:03:20.382407,2025-05-01 10:03:32.160337,0 days 00:00:11.777930,64,0.22522087832901425,35,11,185,DDOG.O,COMPLETE,DDOG.O
21,0.02332173595133511,2025-05-01 10:03:32.166871,2025-05-01 10:03:40.422620,0 days 00:00:08.255749,64,0.18329793494788937,32,1,125,DDOG.O,COMPLETE,DDOG.O
22,0.02326956717788288,2025-05-01 10:03:40.430016,2025-05-01 10:03:48.954373,0 days 00:00:08.524357,64,0.17211585054853185,31,1,110,DDOG.O,COMPLETE,DDOG.O
23,0.038089640514999495,2025-05-01 10:03:48.961124,2025-05-01 10:03:58.135727,0 days 00:00:09.174603,64,0.14171453592438313,34,11,70,DDOG.O,COMPLETE,DDOG.O
24,0.035667135492362174,2025-05-01 10:03:58.143683,2025-05-01 10:04:08.971706,0 days 00:00:10.828023,64,0.12140955036998606,31,6,102,DDOG.O,COMPLETE,DDOG.O
25,0.03755185789296698,2025-05-01 10:04:08.979147,2025-05-01 10:04:23.506667,0 days 00:00:14.527520,64,0.1657472086474105,34,21,66,DDOG.O,COMPLETE,DDOG.O
26,0.02429305020459915,2025-05-01 10:04:23.512674,2025-05-01 10:04:31.586352,0 days 00:00:08.073678,64,0.24266930672378323,31,1,158,DDOG.O,COMPLETE,DDOG.O
27,0.03401786494106414,2025-05-01 10:04:31.596084,2025-05-01 10:04:57.924050,0 days 00:00:26.327966,64,0.18813528689643547,34,11,218,DDOG.O,COMPLETE,DDOG.O
28,0.03487979006769258,2025-05-01 10:04:57.929987,2025-05-01 10:05:11.139278,0 days 00:00:13.209291,64,0.29236399920043604,32,6,135,DDOG.O,COMPLETE,DDOG.O
29,0.04057060501993314,2025-05-01 10:05:11.148525,2025-05-01 10:06:14.468925,0 days 00:01:03.320400,64,0.2607528730723171,27,56,182,DDOG.O,COMPLETE,DDOG.O
0,0.04190853450652245,2025-05-01 10:06:14.511159,2025-05-01 10:06:21.532226,0 days 00:00:07.021067,32,0.3451892570742593,25,6,92,FTNT.O,COMPLETE,FTNT.O
1,0.05558006775730748,2025-05-01 10:06:21.540456,2025-05-01 10:06:33.454089,0 days 00:00:11.913633,64,0.22740185354841716,32,16,118,FTNT.O,COMPLETE,FTNT.O
2,0.04574818094941453,2025-05-01 10:06:33.461610,2025-05-01 10:07:27.021869,0 days 00:00:53.560259,32,0.46396144201295475,20,56,139,FTNT.O,COMPLETE,FTNT.O
3,0.04307907437828972,2025-05-01 10:07:27.028643,2025-05-01 10:07:52.081061,0 days 00:00:25.052418,32,0.18394931305169965,35,21,92,FTNT.O,COMPLETE,FTNT.O
4,0.041036157134243016,2025-05-01 10:07:52.088865,2025-05-01 10:07:58.769935,0 days 00:00:06.681070,64,0.20744454854767255,22,6,47,FTNT.O,COMPLETE,FTNT.O
5,0.0585952574473575,2025-05-01 10:07:58.776860,2025-05-01 10:08:18.008912,0 days 00:00:19.232052,64,0.48248265376423205,25,31,200,FTNT.O,COMPLETE,FTNT.O
6,0.050602665086959694,2025-05-01 10:08:18.016396,2025-05-01 10:08:29.569791,0 days 00:00:11.553395,32,0.18023115735821366,25,21,44,FTNT.O,COMPLETE,FTNT.O
7,0.06474889131145341,2025-05-01 10:08:29.580753,2025-05-01 10:08:45.298018,0 days 00:00:15.717265,64,0.40295367760326095,20,51,43,FTNT.O,COMPLETE,FTNT.O
8,0.05713014033774368,2025-05-01 10:08:45.306510,2025-05-01 10:08:55.287474,0 days 00:00:09.980964,64,0.11792716746253783,20,26,96,FTNT.O,COMPLETE,FTNT.O
9,0.054780462830334435,2025-05-01 10:08:55.296156,2025-05-01 10:09:11.636756,0 days 00:00:16.340600,32,0.4156043799502356,23,31,78,FTNT.O,COMPLETE,FTNT.O
10,0.02405124547015541,2025-05-01 10:09:11.647922,2025-05-01 10:09:23.039975,0 days 00:00:11.392053,64,0.2869447094663492,29,1,194,FTNT.O,COMPLETE,FTNT.O
11,0.02440816211688848,2025-05-01 10:09:23.045805,2025-05-01 10:09:33.589578,0 days 00:00:10.543773,64,0.2856382123926776,29,1,198,FTNT.O,COMPLETE,FTNT.O
12,0.024246998973491838,2025-05-01 10:09:33.595996,2025-05-01 10:09:45.497685,0 days 00:00:11.901689,64,0.2792704274086065,30,1,205,FTNT.O,COMPLETE,FTNT.O
13,0.047748530043640755,2025-05-01 10:09:45.510321,2025-05-01 10:09:57.176516,0 days 00:00:11.666195,64,0.2987768798946546,29,11,243,FTNT.O,COMPLETE,FTNT.O
14,0.04887930623466168,2025-05-01 10:09:57.192139,2025-05-01 10:10:28.206923,0 days 00:00:31.014784,64,0.2636140262383607,32,41,185,FTNT.O,COMPLETE,FTNT.O
15,0.21396691447220184,2025-05-01 10:10:28.212403,2025-05-01 10:10:33.047993,0 days 00:00:04.835590,64,0.33028952560332725,31,1,249,FTNT.O,COMPLETE,FTNT.O
16,0.0468464448562253,2025-05-01 10:10:33.057489,2025-05-01 10:10:49.274204,0 days 00:00:16.216715,64,0.37306295266445405,28,11,175,FTNT.O,COMPLETE,FTNT.O
17,0.21657436751740022,2025-05-01 10:10:49.281482,2025-05-01 10:10:55.254546,0 days 00:00:05.973064,64,0.2522254263452532,35,1,223,FTNT.O,COMPLETE,FTNT.O
18,0.047190981825674744,2025-05-01 10:10:55.261573,2025-05-01 10:11:30.188686,0 days 00:00:34.927113,64,0.31685182450971544,30,41,162,FTNT.O,COMPLETE,FTNT.O
19,0.0499310544782132,2025-05-01 10:11:30.196749,2025-05-01 10:11:39.724164,0 days 00:00:09.527415,64,0.11999875920855757,27,11,216,FTNT.O,COMPLETE,FTNT.O
20,0.059176604677762576,2025-05-01 10:11:39.729929,2025-05-01 10:11:50.420204,0 days 00:00:10.690275,64,0.3632760380878738,27,16,151,FTNT.O,COMPLETE,FTNT.O
21,0.024211871155347058,2025-05-01 10:11:50.430390,2025-05-01 10:12:02.363469,0 days 00:00:11.933079,64,0.2842521464123441,33,1,201,FTNT.O,COMPLETE,FTNT.O
22,0.043833361499923486,2025-05-01 10:12:02.372884,2025-05-01 10:12:14.085290,0 days 00:00:11.712406,64,0.2603655056678369,33,6,223,FTNT.O,COMPLETE,FTNT.O
23,0.02418394427567673,2025-05-01 10:12:14.093675,2025-05-01 10:12:25.220080,0 days 00:00:11.126405,64,0.3060403135256691,34,1,199,FTNT.O,COMPLETE,FTNT.O
24,0.043258217694860636,2025-05-01 10:12:25.231105,2025-05-01 10:12:35.961280,0 days 00:00:10.730175,64,0.22100570051908192,34,6,170,FTNT.O,COMPLETE,FTNT.O
25,0.05581560354930717,2025-05-01 10:12:35.967621,2025-05-01 10:12:45.978207,0 days 00:00:10.010586,64,0.3174525441755651,33,16,184,FTNT.O,COMPLETE,FTNT.O
26,0.02408470770497799,2025-05-01 10:12:45.987899,2025-05-01 10:12:57.669145,0 days 00:00:11.681246,32,0.3958931006781401,33,1,139,FTNT.O,COMPLETE,FTNT.O
27,0.05141708962842776,2025-05-01 10:12:57.674676,2025-05-01 10:13:06.781619,0 days 00:00:09.106943,32,0.41751125316090953,31,11,135,FTNT.O,COMPLETE,FTNT.O
28,0.040905090068544155,2025-05-01 10:13:06.787901,2025-05-01 10:13:58.354177,0 days 00:00:51.566276,32,0.37963419739395,34,41,132,FTNT.O,COMPLETE,FTNT.O
29,0.04396092536018772,2025-05-01 10:13:58.360549,2025-05-01 10:14:06.257577,0 days 00:00:07.897028,32,0.44109997770394105,35,6,116,FTNT.O,COMPLETE,FTNT.O
0,0.1129350476009511,2025-05-01 10:14:06.307789,2025-05-01 10:14:11.121984,0 days 00:00:04.814195,64,0.27237922063357667,25,1,197,GFS.O,COMPLETE,GFS.O
1,0.20097484389450523,2025-05-01 10:14:11.139032,2025-05-01 10:14:15.892599,0 days 00:00:04.753567,32,0.38650317859051386,22,1,218,GFS.O,COMPLETE,GFS.O
2,0.043527686311451944,2025-05-01 10:14:15.899571,2025-05-01 10:14:54.112595,0 days 00:00:38.213024,32,0.2881528989701108,28,36,183,GFS.O,COMPLETE,GFS.O
3,0.0439098857324272,2025-05-01 10:14:54.124674,2025-05-01 10:16:18.885827,0 days 00:01:24.761153,64,0.34947763330537285,28,51,251,GFS.O,COMPLETE,GFS.O
4,0.06434832147280077,2025-05-01 10:16:18.892008,2025-05-01 10:16:29.367957,0 days 00:00:10.475949,64,0.18615035621836384,24,11,142,GFS.O,COMPLETE,GFS.O
5,0.08227579729753706,2025-05-01 10:16:29.374229,2025-05-01 10:16:48.867770,0 days 00:00:19.493541,64,0.2895861554714918,23,31,180,GFS.O,COMPLETE,GFS.O
6,0.07309319247759524,2025-05-01 10:16:48.877604,2025-05-01 10:17:16.584097,0 days 00:00:27.706493,32,0.28002569939486366,21,51,179,GFS.O,COMPLETE,GFS.O
7,0.1127672492303332,2025-05-01 10:17:16.591666,2025-05-01 10:17:21.647703,0 days 00:00:05.056037,64,0.17881371098960305,34,1,57,GFS.O,COMPLETE,GFS.O
8,0.06547413369772681,2025-05-01 10:17:21.661967,2025-05-01 10:17:44.411773,0 days 00:00:22.749806,32,0.21608886363129798,22,56,99,GFS.O,COMPLETE,GFS.O
9,0.07621666190146754,2025-05-01 10:17:44.418747,2025-05-01 10:17:54.088791,0 days 00:00:09.670044,64,0.19884891318357345,35,16,138,GFS.O,COMPLETE,GFS.O
10,0.05788133288073021,2025-05-01 10:17:54.098062,2025-05-01 10:18:08.287420,0 days 00:00:14.189358,32,0.4872092373580481,30,36,33,GFS.O,COMPLETE,GFS.O
11,0.06067287738573264,2025-05-01 10:18:08.293654,2025-05-01 10:18:43.796849,0 days 00:00:35.503195,32,0.3765365855024898,29,41,254,GFS.O,COMPLETE,GFS.O
12,0.07908336700060056,2025-05-01 10:18:43.804647,2025-05-01 10:19:11.049275,0 days 00:00:27.244628,64,0.3715900909213209,27,41,255,GFS.O,COMPLETE,GFS.O
13,0.05689811809561983,2025-05-01 10:19:11.059689,2025-05-01 10:19:48.908785,0 days 00:00:37.849096,32,0.43051441265129065,31,46,227,GFS.O,COMPLETE,GFS.O
14,0.07721492324273788,2025-05-01 10:19:48.919171,2025-05-01 10:20:06.457132,0 days 00:00:17.537961,64,0.11488901634444498,26,26,113,GFS.O,COMPLETE,GFS.O
15,0.04960586318346522,2025-05-01 10:20:06.469983,2025-05-01 10:21:01.622131,0 days 00:00:55.152148,32,0.3347134572101302,32,56,224,GFS.O,COMPLETE,GFS.O
16,0.04732742484886144,2025-05-01 10:21:01.630414,2025-05-01 10:21:36.889804,0 days 00:00:35.259390,32,0.3227544771544503,28,26,174,GFS.O,COMPLETE,GFS.O
17,0.06394865298186,2025-05-01 10:21:36.904182,2025-05-01 10:21:59.128991,0 days 00:00:22.224809,64,0.2473181872708659,32,46,209,GFS.O,COMPLETE,GFS.O
18,0.05698949132030961,2025-05-01 10:21:59.135240,2025-05-01 10:22:18.570594,0 days 00:00:19.435354,32,0.4613764098404748,28,36,161,GFS.O,COMPLETE,GFS.O
19,0.06025229057198624,2025-05-01 10:22:18.585009,2025-05-01 10:22:44.318704,0 days 00:00:25.733695,64,0.424604637989631,26,21,239,GFS.O,COMPLETE,GFS.O
20,0.07307011386798175,2025-05-01 10:22:44.327601,2025-05-01 10:23:06.083392,0 days 00:00:21.755791,64,0.3325122391455587,30,51,109,GFS.O,COMPLETE,GFS.O
21,0.04665285927173448,2025-05-01 10:23:06.090411,2025-05-01 10:23:34.253747,0 days 00:00:28.163336,32,0.31862436082069695,28,26,187,GFS.O,COMPLETE,GFS.O
22,0.05486924617480926,2025-05-01 10:23:34.261861,2025-05-01 10:23:56.920422,0 days 00:00:22.658561,32,0.25107037350104455,27,31,193,GFS.O,COMPLETE,GFS.O
23,0.05311088943421953,2025-05-01 10:23:56.926546,2025-05-01 10:24:23.452152,0 days 00:00:26.525606,32,0.3143879246285155,29,21,154,GFS.O,COMPLETE,GFS.O
24,0.043788700863893734,2025-05-01 10:24:23.460092,2025-05-01 10:24:58.888039,0 days 00:00:35.427947,32,0.35187292404927917,25,36,193,GFS.O,COMPLETE,GFS.O
25,0.05020536883274167,2025-05-01 10:24:58.894646,2025-05-01 10:25:31.799476,0 days 00:00:32.904830,32,0.3573372315303373,25,36,204,GFS.O,COMPLETE,GFS.O
26,0.05427042166855645,2025-05-01 10:25:31.805394,2025-05-01 10:26:02.139982,0 days 00:00:30.334588,32,0.4166834052260758,20,41,123,GFS.O,COMPLETE,GFS.O
27,0.055734040022508445,2025-05-01 10:26:02.150634,2025-05-01 10:26:43.283607,0 days 00:00:41.132973,32,0.4070186797272092,24,46,234,GFS.O,COMPLETE,GFS.O
28,0.08101782849243447,2025-05-01 10:26:43.294233,2025-05-01 10:27:00.315587,0 days 00:00:17.021354,64,0.3525819537226835,26,51,88,GFS.O,COMPLETE,GFS.O
29,0.07204568206911076,2025-05-01 10:27:00.323760,2025-05-01 10:27:18.419178,0 days 00:00:18.095418,64,0.25127923682474634,25,36,159,GFS.O,COMPLETE,GFS.O
0,0.05167290037154983,2025-05-01 10:27:18.471626,2025-05-01 10:27:28.667680,0 days 00:00:10.196054,64,0.19174068377909934,26,51,68,GOOG.O,COMPLETE,GOOG.O
1,0.04612119515997495,2025-05-01 10:27:28.683315,2025-05-01 10:27:38.585387,0 days 00:00:09.902072,64,0.16161620512454256,20,21,56,GOOG.O,COMPLETE,GOOG.O
2,0.04266864831991982,2025-05-01 10:27:38.593560,2025-05-01 10:28:14.691087,0 days 00:00:36.097527,32,0.4185731966100814,33,41,193,GOOG.O,COMPLETE,GOOG.O
3,0.035910135896214196,2025-05-01 10:28:14.700060,2025-05-01 10:28:29.417311,0 days 00:00:14.717251,32,0.10843456573161975,28,6,110,GOOG.O,COMPLETE,GOOG.O
4,0.03878796079882191,2025-05-01 10:28:29.429846,2025-05-01 10:30:18.563813,0 days 00:01:49.133967,64,0.258274043895962,29,56,254,GOOG.O,COMPLETE,GOOG.O
5,0.037263821335180414,2025-05-01 10:30:18.572823,2025-05-01 10:31:56.052360,0 days 00:01:37.479537,32,0.4556524505038687,31,56,206,GOOG.O,COMPLETE,GOOG.O
6,0.03900098244368361,2025-05-01 10:31:56.058740,2025-05-01 10:32:50.779653,0 days 00:00:54.720913,32,0.3826880892736072,26,46,172,GOOG.O,COMPLETE,GOOG.O
7,0.04006385184063044,2025-05-01 10:32:50.785636,2025-05-01 10:34:01.116076,0 days 00:01:10.330440,32,0.35629300393325736,20,51,221,GOOG.O,COMPLETE,GOOG.O
8,0.03953373489035049,2025-05-01 10:34:01.124095,2025-05-01 10:34:43.112375,0 days 00:00:41.988280,64,0.264219033066326,28,26,210,GOOG.O,COMPLETE,GOOG.O
9,0.02734229425210607,2025-05-01 10:34:43.125383,2025-05-01 10:34:52.832374,0 days 00:00:09.706991,32,0.33955383613873347,27,1,244,GOOG.O,COMPLETE,GOOG.O
10,0.027342916377135016,2025-05-01 10:34:52.839363,2025-05-01 10:35:03.379344,0 days 00:00:10.539981,32,0.3310735476923476,23,1,134,GOOG.O,COMPLETE,GOOG.O
11,0.027949129513854733,2025-05-01 10:35:03.386856,2025-05-01 10:35:11.483150,0 days 00:00:08.096294,32,0.32540806663315547,23,1,132,GOOG.O,COMPLETE,GOOG.O
12,0.04706136758420285,2025-05-01 10:35:11.489530,2025-05-01 10:35:23.814592,0 days 00:00:12.325062,32,0.4848149277346081,23,11,103,GOOG.O,COMPLETE,GOOG.O
13,0.04357982039962861,2025-05-01 10:35:23.822799,2025-05-01 10:35:44.583440,0 days 00:00:20.760641,32,0.28492738697756176,24,16,152,GOOG.O,COMPLETE,GOOG.O
14,0.027288608083881435,2025-05-01 10:35:44.593051,2025-05-01 10:35:54.170005,0 days 00:00:09.576954,32,0.3935328962818216,25,1,242,GOOG.O,COMPLETE,GOOG.O
15,0.043474964219326014,2025-05-01 10:35:54.177184,2025-05-01 10:36:28.677514,0 days 00:00:34.500330,32,0.4116732714964026,30,36,250,GOOG.O,COMPLETE,GOOG.O
16,0.041392190232800455,2025-05-01 10:36:28.684089,2025-05-01 10:36:49.453472,0 days 00:00:20.769383,32,0.4012296325389486,35,11,233,GOOG.O,COMPLETE,GOOG.O
17,0.05125147476375222,2025-05-01 10:36:49.467092,2025-05-01 10:37:13.304216,0 days 00:00:23.837124,32,0.21375859549333925,26,31,188,GOOG.O,COMPLETE,GOOG.O
18,0.0454156783324961,2025-05-01 10:37:13.311327,2025-05-01 10:37:34.586472,0 days 00:00:21.275145,64,0.4544088313791216,25,11,230,GOOG.O,COMPLETE,GOOG.O
19,0.02747127469519198,2025-05-01 10:37:34.595580,2025-05-01 10:37:42.562640,0 days 00:00:07.967060,32,0.36493141423025666,32,1,163,GOOG.O,COMPLETE,GOOG.O
20,0.035759988315526965,2025-05-01 10:37:42.569133,2025-05-01 10:38:25.756426,0 days 00:00:43.187293,32,0.32331264323104336,21,21,253,GOOG.O,COMPLETE,GOOG.O
21,0.027503861463635433,2025-05-01 10:38:25.764638,2025-05-01 10:38:33.726789,0 days 00:00:07.962151,32,0.3289660404287063,22,1,129,GOOG.O,COMPLETE,GOOG.O
22,0.03775643308699688,2025-05-01 10:38:33.733875,2025-05-01 10:38:41.930909,0 days 00:00:08.197034,32,0.3021305757176255,24,6,91,GOOG.O,COMPLETE,GOOG.O
23,0.038249729851302275,2025-05-01 10:38:41.937742,2025-05-01 10:38:55.145259,0 days 00:00:13.207517,32,0.3500749251341191,27,6,188,GOOG.O,COMPLETE,GOOG.O
24,0.03846678745426209,2025-05-01 10:38:55.157595,2025-05-01 10:39:17.340383,0 days 00:00:22.182788,32,0.2292905716506567,24,16,137,GOOG.O,COMPLETE,GOOG.O
25,0.027533048430156484,2025-05-01 10:39:17.348983,2025-05-01 10:39:25.813313,0 days 00:00:08.464330,32,0.4329322442543547,22,1,169,GOOG.O,COMPLETE,GOOG.O
26,0.039611258927367346,2025-05-01 10:39:25.820705,2025-05-01 10:39:38.380404,0 days 00:00:12.559699,64,0.37982434339407534,27,6,239,GOOG.O,COMPLETE,GOOG.O
27,0.04272524101653541,2025-05-01 10:39:38.388651,2025-05-01 10:39:50.456720,0 days 00:00:12.068069,32,0.2939392741688568,25,16,80,GOOG.O,COMPLETE,GOOG.O
28,0.047938214523061046,2025-05-01 10:39:50.463184,2025-05-01 10:39:57.165318,0 days 00:00:06.702134,32,0.3325349159208589,29,11,32,GOOG.O,COMPLETE,GOOG.O
29,0.027876184256250696,2025-05-01 10:39:57.171198,2025-05-01 10:40:06.050161,0 days 00:00:08.878963,64,0.3861865991242026,26,1,120,GOOG.O,COMPLETE,GOOG.O
0,0.03760998314347915,2025-05-01 10:40:06.105849,2025-05-01 10:40:24.176203,0 days 00:00:18.070354,32,0.11008106961132956,31,21,48,GOOGL.O,COMPLETE,GOOGL.O
1,0.04719545794412784,2025-05-01 10:40:24.184949,2025-05-01 10:40:39.951573,0 days 00:00:15.766624,32,0.495141195990366,31,41,87,GOOGL.O,COMPLETE,GOOGL.O
2,0.0688621533298904,2025-05-01 10:40:39.964076,2025-05-01 10:40:46.897064,0 days 00:00:06.932988,64,0.4259648736463282,28,21,38,GOOGL.O,COMPLETE,GOOGL.O
3,0.049310330869073646,2025-05-01 10:40:46.902564,2025-05-01 10:40:58.120277,0 days 00:00:11.217713,64,0.31766827864546787,29,21,85,GOOGL.O,COMPLETE,GOOGL.O
4,0.041170072251608986,2025-05-01 10:40:58.126664,2025-05-01 10:41:59.424341,0 days 00:01:01.297677,64,0.3605422474551522,21,46,233,GOOGL.O,COMPLETE,GOOGL.O
5,0.03849679048073559,2025-05-01 10:41:59.431794,2025-05-01 10:43:20.723249,0 days 00:01:21.291455,64,0.2577328865836233,35,46,233,GOOGL.O,COMPLETE,GOOGL.O
6,0.04151499115662423,2025-05-01 10:43:20.737358,2025-05-01 10:43:41.166991,0 days 00:00:20.429633,32,0.2214150152203752,34,41,65,GOOGL.O,COMPLETE,GOOGL.O
7,0.04759202954040992,2025-05-01 10:43:41.180694,2025-05-01 10:43:55.222116,0 days 00:00:14.041422,64,0.390680532753642,30,26,83,GOOGL.O,COMPLETE,GOOGL.O
8,0.039064989259573905,2025-05-01 10:43:55.229648,2025-05-01 10:44:26.328481,0 days 00:00:31.098833,32,0.3738729776844034,30,26,147,GOOGL.O,COMPLETE,GOOGL.O
9,0.03924592545440678,2025-05-01 10:44:26.334642,2025-05-01 10:44:41.676031,0 days 00:00:15.341389,64,0.15737773483076786,31,6,203,GOOGL.O,COMPLETE,GOOGL.O
10,0.03644137525126752,2025-05-01 10:44:41.684237,2025-05-01 10:44:57.452642,0 days 00:00:15.768405,32,0.10668651618687235,23,6,140,GOOGL.O,COMPLETE,GOOGL.O
11,0.027896923603507158,2025-05-01 10:44:57.465218,2025-05-01 10:45:05.905405,0 days 00:00:08.440187,32,0.10113295910917629,23,1,143,GOOGL.O,COMPLETE,GOOGL.O
12,0.02787120897296459,2025-05-01 10:45:05.913403,2025-05-01 10:45:12.800278,0 days 00:00:06.886875,32,0.10123765843412169,23,1,142,GOOGL.O,COMPLETE,GOOGL.O
13,0.028253776430095825,2025-05-01 10:45:12.807650,2025-05-01 10:45:21.470765,0 days 00:00:08.663115,32,0.18267596290256613,25,1,140,GOOGL.O,COMPLETE,GOOGL.O
14,0.03768987743625185,2025-05-01 10:45:21.477853,2025-05-01 10:45:45.500705,0 days 00:00:24.022852,32,0.16469273104365378,25,11,177,GOOGL.O,COMPLETE,GOOGL.O
15,0.04323709184986895,2025-05-01 10:45:45.506690,2025-05-01 10:45:55.937264,0 days 00:00:10.430574,32,0.2536248094151926,20,11,120,GOOGL.O,COMPLETE,GOOGL.O
16,0.0360419768661279,2025-05-01 10:45:55.953039,2025-05-01 10:47:08.915212,0 days 00:01:12.962173,32,0.10000600633997483,25,56,180,GOOGL.O,COMPLETE,GOOGL.O
17,0.02804463623159628,2025-05-01 10:47:08.922799,2025-05-01 10:47:17.704468,0 days 00:00:08.781669,32,0.18601759639274712,22,1,121,GOOGL.O,COMPLETE,GOOGL.O
18,0.038613119187748936,2025-05-01 10:47:17.713338,2025-05-01 10:47:49.410354,0 days 00:00:31.697016,32,0.14183175314956856,23,11,173,GOOGL.O,COMPLETE,GOOGL.O
19,0.048028272691753644,2025-05-01 10:47:49.418924,2025-05-01 10:47:59.803115,0 days 00:00:10.384191,32,0.2322638814660093,26,16,108,GOOGL.O,COMPLETE,GOOGL.O
20,0.027813100033972093,2025-05-01 10:47:59.809058,2025-05-01 10:48:07.262546,0 days 00:00:07.453488,32,0.2970063577046509,23,1,197,GOOGL.O,COMPLETE,GOOGL.O
21,0.02741969871631912,2025-05-01 10:48:07.272217,2025-05-01 10:48:16.390041,0 days 00:00:09.117824,32,0.3103035857298209,23,1,201,GOOGL.O,COMPLETE,GOOGL.O
22,0.03946757783464941,2025-05-01 10:48:16.400260,2025-05-01 10:48:31.496679,0 days 00:00:15.096419,32,0.30690193172872027,20,6,208,GOOGL.O,COMPLETE,GOOGL.O
23,0.027560709007261562,2025-05-01 10:48:31.504052,2025-05-01 10:48:41.555666,0 days 00:00:10.051614,32,0.33297477989241125,27,1,255,GOOGL.O,COMPLETE,GOOGL.O
24,0.0383347043159649,2025-05-01 10:48:41.564094,2025-05-01 10:49:17.656389,0 days 00:00:36.092295,32,0.3353463096613731,26,16,255,GOOGL.O,COMPLETE,GOOGL.O
25,0.03739274813635373,2025-05-01 10:49:17.663059,2025-05-01 10:49:32.128980,0 days 00:00:14.465921,32,0.2797995098753778,27,6,205,GOOGL.O,COMPLETE,GOOGL.O
26,0.03964993807759058,2025-05-01 10:49:32.138433,2025-05-01 10:50:30.808958,0 days 00:00:58.670525,32,0.41959985117188514,24,31,256,GOOGL.O,COMPLETE,GOOGL.O
27,0.04058536016372361,2025-05-01 10:50:30.816665,2025-05-01 10:50:49.421317,0 days 00:00:18.604652,32,0.28072209094053513,21,11,227,GOOGL.O,COMPLETE,GOOGL.O
28,0.027955274910243647,2025-05-01 10:50:49.429018,2025-05-01 10:50:58.041825,0 days 00:00:08.612807,32,0.329809914189681,27,1,189,GOOGL.O,COMPLETE,GOOGL.O
29,0.03900914494235456,2025-05-01 10:50:58.047388,2025-05-01 10:51:31.935128,0 days 00:00:33.887740,32,0.3553220080813981,22,16,219,GOOGL.O,COMPLETE,GOOGL.O
0,0.03849629071052229,2025-05-01 10:51:31.975480,2025-05-01 10:51:41.022476,0 days 00:00:09.046996,32,0.2760541709228142,28,21,37,INTC.O,COMPLETE,INTC.O
1,0.044173822583737476,2025-05-01 10:51:41.032707,2025-05-01 10:51:52.531718,0 days 00:00:11.499011,64,0.11724894605905295,29,26,125,INTC.O,COMPLETE,INTC.O
2,0.03246322973738527,2025-05-01 10:51:52.539874,2025-05-01 10:52:02.522349,0 days 00:00:09.982475,32,0.3360129071214828,33,6,81,INTC.O,COMPLETE,INTC.O
3,0.04306200787752499,2025-05-01 10:52:02.535360,2025-05-01 10:52:19.545935,0 days 00:00:17.010575,32,0.25719208954539996,29,26,254,INTC.O,COMPLETE,INTC.O
4,0.031148998917510027,2025-05-01 10:52:19.555084,2025-05-01 10:52:50.886375,0 days 00:00:31.331291,32,0.14414083725768673,34,51,69,INTC.O,COMPLETE,INTC.O
5,0.04266411565945897,2025-05-01 10:52:50.893077,2025-05-01 10:53:04.198456,0 days 00:00:13.305379,64,0.1281481321312702,26,31,204,INTC.O,COMPLETE,INTC.O
6,0.05016526826986544,2025-05-01 10:53:04.204588,2025-05-01 10:53:12.837856,0 days 00:00:08.633268,64,0.33603079150374926,27,41,70,INTC.O,COMPLETE,INTC.O
7,0.035968933379805,2025-05-01 10:53:12.847080,2025-05-01 10:53:55.135187,0 days 00:00:42.288107,64,0.11658424204179495,28,46,156,INTC.O,COMPLETE,INTC.O
8,0.04001489306356855,2025-05-01 10:53:55.145069,2025-05-01 10:54:24.497363,0 days 00:00:29.352294,32,0.3086303918404425,24,46,203,INTC.O,COMPLETE,INTC.O
9,0.04295606576360768,2025-05-01 10:54:24.506833,2025-05-01 10:54:33.911956,0 days 00:00:09.405123,64,0.26490818941096134,30,26,119,INTC.O,COMPLETE,INTC.O
10,0.046534124646399076,2025-05-01 10:54:33.920136,2025-05-01 10:54:43.639831,0 days 00:00:09.719695,32,0.4767363556809068,20,56,39,INTC.O,COMPLETE,INTC.O
11,0.033451411400438204,2025-05-01 10:54:43.648185,2025-05-01 10:54:52.849777,0 days 00:00:09.201592,32,0.3924752939858505,35,6,85,INTC.O,COMPLETE,INTC.O
12,0.16052241909084441,2025-05-01 10:54:52.857583,2025-05-01 10:54:57.029152,0 days 00:00:04.171569,32,0.19720081408116363,35,1,79,INTC.O,COMPLETE,INTC.O
13,0.03307632540410983,2025-05-01 10:54:57.035072,2025-05-01 10:55:11.856766,0 days 00:00:14.821694,32,0.3844109648151557,32,11,100,INTC.O,COMPLETE,INTC.O
14,0.03813038169236065,2025-05-01 10:55:11.863052,2025-05-01 10:55:30.994825,0 days 00:00:19.131773,32,0.19312566038008033,32,16,159,INTC.O,COMPLETE,INTC.O
15,0.040505101837261644,2025-05-01 10:55:31.001834,2025-05-01 10:55:45.832183,0 days 00:00:14.830349,32,0.2016863839162643,33,56,57,INTC.O,COMPLETE,INTC.O
16,0.04197142025272504,2025-05-01 10:55:45.846510,2025-05-01 10:55:58.569660,0 days 00:00:12.723150,32,0.43457874229354265,33,36,110,INTC.O,COMPLETE,INTC.O
17,0.02251690365711007,2025-05-01 10:55:58.580077,2025-05-01 10:56:08.234004,0 days 00:00:09.653927,32,0.3612741551098213,31,1,136,INTC.O,COMPLETE,INTC.O
18,0.0349017538848135,2025-05-01 10:56:08.241420,2025-05-01 10:56:56.989166,0 days 00:00:48.747746,32,0.49893665646795754,31,51,184,INTC.O,COMPLETE,INTC.O
19,0.0378613410072943,2025-05-01 10:56:57.003485,2025-05-01 10:57:15.535416,0 days 00:00:18.531931,32,0.38231796879591956,25,36,135,INTC.O,COMPLETE,INTC.O
20,0.022104321436687852,2025-05-01 10:57:15.545937,2025-05-01 10:57:26.305919,0 days 00:00:10.759982,32,0.15156620908388974,22,1,245,INTC.O,COMPLETE,INTC.O
21,0.02120562718198174,2025-05-01 10:57:26.313101,2025-05-01 10:57:34.124232,0 days 00:00:07.811131,32,0.15942996318978456,22,1,233,INTC.O,COMPLETE,INTC.O
22,0.021015587974790414,2025-05-01 10:57:34.134467,2025-05-01 10:57:43.662513,0 days 00:00:09.528046,32,0.16003248194734765,21,1,252,INTC.O,COMPLETE,INTC.O
23,0.03650044436359685,2025-05-01 10:57:43.673708,2025-05-01 10:57:58.786815,0 days 00:00:15.113107,32,0.16927654074330528,21,11,254,INTC.O,COMPLETE,INTC.O
24,0.021486094851048545,2025-05-01 10:57:58.797845,2025-05-01 10:58:08.653546,0 days 00:00:09.855701,32,0.22118863728518268,22,1,232,INTC.O,COMPLETE,INTC.O
25,0.033525495949108024,2025-05-01 10:58:08.663246,2025-05-01 10:58:32.595505,0 days 00:00:23.932259,32,0.23384325138598688,23,11,228,INTC.O,COMPLETE,INTC.O
26,0.0354113568480401,2025-05-01 10:58:32.602491,2025-05-01 10:58:43.701666,0 days 00:00:11.099175,64,0.22539864950333793,20,6,225,INTC.O,COMPLETE,INTC.O
27,0.03458497833864987,2025-05-01 10:58:43.708050,2025-05-01 10:59:09.001647,0 days 00:00:25.293597,32,0.16890214942399667,22,16,229,INTC.O,COMPLETE,INTC.O
28,0.021007179302431647,2025-05-01 10:59:09.008931,2025-05-01 10:59:19.382431,0 days 00:00:10.373500,32,0.22575800676086075,23,1,189,INTC.O,COMPLETE,INTC.O
29,0.040999825468605006,2025-05-01 10:59:19.395457,2025-05-01 10:59:32.088395,0 days 00:00:12.692938,32,0.28128039344581274,24,16,186,INTC.O,COMPLETE,INTC.O
0,0.05353918545401082,2025-05-01 10:59:32.132943,2025-05-01 11:00:08.834818,0 days 00:00:36.701875,32,0.32211983217101064,33,56,48,INTU.O,COMPLETE,INTU.O
1,0.05453369701857725,2025-05-01 11:00:08.845124,2025-05-01 11:00:34.930653,0 days 00:00:26.085529,64,0.22657246409672088,35,21,124,INTU.O,COMPLETE,INTU.O
2,0.05871850202437463,2025-05-01 11:00:34.936561,2025-05-01 11:00:55.019755,0 days 00:00:20.083194,32,0.3407119491510381,30,46,64,INTU.O,COMPLETE,INTU.O
3,0.0495619398408852,2025-05-01 11:00:55.027915,2025-05-01 11:01:18.524449,0 days 00:00:23.496534,32,0.24001721846477375,27,11,172,INTU.O,COMPLETE,INTU.O
4,0.05789007834469057,2025-05-01 11:01:18.532523,2025-05-01 11:01:58.790650,0 days 00:00:40.258127,64,0.420763358995329,21,51,127,INTU.O,COMPLETE,INTU.O
5,0.05364000376664156,2025-05-01 11:01:58.798695,2025-05-01 11:03:19.909098,0 days 00:01:21.110403,64,0.41235087312292984,27,46,209,INTU.O,COMPLETE,INTU.O
6,0.048928461547105194,2025-05-01 11:03:19.915504,2025-05-01 11:03:56.305901,0 days 00:00:36.390397,32,0.46645804323684337,26,11,230,INTU.O,COMPLETE,INTU.O
7,0.03480644684398125,2025-05-01 11:03:56.313759,2025-05-01 11:04:05.308100,0 days 00:00:08.994341,64,0.36077590406212356,20,1,163,INTU.O,COMPLETE,INTU.O
8,0.04979045448330834,2025-05-01 11:04:05.315715,2025-05-01 11:04:31.293719,0 days 00:00:25.978004,32,0.3245028848724052,21,16,151,INTU.O,COMPLETE,INTU.O
9,0.06695974710216214,2025-05-01 11:04:31.304368,2025-05-01 11:04:37.175889,0 days 00:00:05.871521,64,0.12203379498046583,28,11,57,INTU.O,COMPLETE,INTU.O
10,0.03381952308796629,2025-05-01 11:04:37.183169,2025-05-01 11:04:47.029259,0 days 00:00:09.846090,64,0.10547275773788117,23,1,254,INTU.O,COMPLETE,INTU.O
11,0.03416753941983141,2025-05-01 11:04:47.040591,2025-05-01 11:04:57.151199,0 days 00:00:10.110608,64,0.11271090203167096,23,1,255,INTU.O,COMPLETE,INTU.O
12,0.0340322777084026,2025-05-01 11:04:57.160745,2025-05-01 11:05:07.250562,0 days 00:00:10.089817,64,0.1007179683487385,24,1,252,INTU.O,COMPLETE,INTU.O
13,0.05400594857090151,2025-05-01 11:05:07.259792,2025-05-01 11:05:53.209900,0 days 00:00:45.950108,64,0.17225046158091123,24,31,203,INTU.O,COMPLETE,INTU.O
14,0.04989545287615405,2025-05-01 11:05:53.220302,2025-05-01 11:06:51.645065,0 days 00:00:58.424763,64,0.184955841253903,24,31,256,INTU.O,COMPLETE,INTU.O
15,0.03384958511753268,2025-05-01 11:06:51.652220,2025-05-01 11:07:02.001478,0 days 00:00:10.349258,64,0.10179296986648362,23,1,220,INTU.O,COMPLETE,INTU.O
16,0.06077487003155777,2025-05-01 11:07:02.008866,2025-05-01 11:07:21.979600,0 days 00:00:19.970734,64,0.2607274020101439,22,21,193,INTU.O,COMPLETE,INTU.O
17,0.04958954188391556,2025-05-01 11:07:21.987215,2025-05-01 11:07:42.520866,0 days 00:00:20.533651,64,0.16349190692005736,30,6,221,INTU.O,COMPLETE,INTU.O
18,0.0559386155286886,2025-05-01 11:07:42.528589,2025-05-01 11:08:01.788463,0 days 00:00:19.259874,64,0.14586734688012673,25,26,94,INTU.O,COMPLETE,INTU.O
19,0.051710918732610245,2025-05-01 11:08:01.796052,2025-05-01 11:08:51.309908,0 days 00:00:49.513856,64,0.20669489657960638,29,36,184,INTU.O,COMPLETE,INTU.O
20,0.05123140028746939,2025-05-01 11:08:51.316476,2025-05-01 11:09:05.530663,0 days 00:00:14.214187,64,0.2618177468507915,20,6,232,INTU.O,COMPLETE,INTU.O
21,0.033886535743169986,2025-05-01 11:09:05.537209,2025-05-01 11:09:13.739466,0 days 00:00:08.202257,64,0.10622192465325205,23,1,235,INTU.O,COMPLETE,INTU.O
22,0.05257526947811966,2025-05-01 11:09:13.750468,2025-05-01 11:09:29.196256,0 days 00:00:15.445788,64,0.14192514091565261,22,6,233,INTU.O,COMPLETE,INTU.O
23,0.033904997744153245,2025-05-01 11:09:29.208759,2025-05-01 11:09:37.559452,0 days 00:00:08.350693,64,0.10496066438068706,23,1,219,INTU.O,COMPLETE,INTU.O
24,0.05243903846018992,2025-05-01 11:09:37.569198,2025-05-01 11:10:09.436611,0 days 00:00:31.867413,64,0.1959515772540419,25,16,241,INTU.O,COMPLETE,INTU.O
25,0.0572214504315608,2025-05-01 11:10:09.442083,2025-05-01 11:10:19.703516,0 days 00:00:10.261433,64,0.13817775535093707,26,6,206,INTU.O,COMPLETE,INTU.O
26,0.051296413716996926,2025-05-01 11:10:19.710376,2025-05-01 11:10:48.148709,0 days 00:00:28.438333,32,0.15233744991953688,22,16,185,INTU.O,COMPLETE,INTU.O
27,0.033938785877613356,2025-05-01 11:10:48.158334,2025-05-01 11:10:57.866802,0 days 00:00:09.708468,64,0.2825104378788469,25,1,215,INTU.O,COMPLETE,INTU.O
28,0.05489998203749729,2025-05-01 11:10:57.873168,2025-05-01 11:11:18.542848,0 days 00:00:20.669680,64,0.20834446768606857,23,11,239,INTU.O,COMPLETE,INTU.O
29,0.04644304447607962,2025-05-01 11:11:18.550985,2025-05-01 11:11:39.443575,0 days 00:00:20.892590,32,0.12791980468506509,33,6,191,INTU.O,COMPLETE,INTU.O
